id,name,saga,difficulty,steps,rewards,description,recommended_level
1,Saga Saiyan: Invasione della Terra,Dragon Ball,4,"[{""mobs"": [{""name"": ""Saibaman"", ""count"": 5}], ""dialogue"": {""text"": ""Nappa: 'Piantate i semi! Mostrate a questi insetti cosa sono i Saibaman!'"", ""delay"": 8}}, {""mobs"": [{""name"": ""Saibaman"", ""count"": 3}, {""name"": ""Saibaman Elite"", ""count"": 2}], ""dialogue"": {""text"": ""Nappa: 'Questi sono i Saibaman ELITE! Ahah!'"", ""delay"": 8}}, {""boss"": ""Raditz"", ""dialogue"": {""text"": ""Raditz: 'Fratellino... mostrami se sei davvero cambiato!'"", ""delay"": 10}}, {""boss"": ""Nappa"", ""dialogue"": {""text"": ""Nappa: 'Basta con questi giochi! Adesso tocca a ME!'"", ""delay"": 12}}, {""boss"": ""Vegeta"", ""dialogue"": {""text"": ""Vegeta: 'Finalmente degno di combattere contro di me. Ma non abbastanza!'"", ""delay"": 12}}]", "{""wumpa"": 500, ""exp"": 250}","L'invasione Saiyan! Dai Saibaman fino a Nappa e infine il Principe Saiyan Vegeta."
2,Namek Arrival,Dragon Ball,2,"[{""mobs"": [{""name"": ""Soldato di Freezer"", ""count"": 3}]}, {""mobs"": [{""name"": ""Soldato di Freezer"", ""count"": 3}], ""dialogue"": {""text"": ""Soldato: 'Lord Freezer non tollera intrusi!'"", ""delay"": 8}}]", "{""wumpa"": 150, ""exp"": 80}","Sbarco su Namek. I soldati di Freezer sono ovunque."
3,Elite di Freezer,Dragon Ball,4,"[{""mobs"": [{""name"": ""Dodoria"", ""count"": 1}, {""name"": ""Zarbon"", ""count"": 1}], ""dialogue"": {""text"": ""Dodoria: 'Insieme siamo inarrestabili!'"", ""delay"": 10}}, {""boss"": ""Zarbon (Transformed)"", ""dialogue"": {""text"": ""Zarbon: 'Odio questa forma... ma vi annienterò!'"", ""delay"": 10}}]", "{""wumpa"": 350, ""exp"": 180}","I due generali d'elite di Freezer! Prima insieme, poi Zarbon rivela la sua vera forma mostruosa."
4,Squadra Ginyu,Dragon Ball,4,"[{""mobs"": [{""name"": ""Guldo"", ""count"": 1}, {""name"": ""Recoome"", ""count"": 1}]}, {""mobs"": [{""name"": ""Burter"", ""count"": 1}, {""name"": ""Jeice"", ""count"": 1}]}, {""boss"": ""Capitano Ginyu"", ""dialogue"": {""text"": ""Ginyu: 'SQUADRA GINYU... IN AZIONE!'"", ""delay"": 10}}, {""boss"": ""Ginyu (Goku Body)"", ""dialogue"": {""text"": ""Ginyu: 'Grazie per questo corpo, Saiyan!'"", ""delay"": 8}}]", "{""wumpa"": 350, ""exp"": 180}","La leggendaria Squadra Ginyu al completo. Sconfiggi tutti e 5 i membri!"
5,Freezer Saga,Dragon Ball,5,"[{""boss"": ""Freezer (First Form)"", ""dialogue"": {""text"": ""Freezer: 'Vi mostrerò solo l'1% del mio potere.'"", ""delay"": 8}}, {""boss"": ""Freezer (Second Form)"", ""dialogue"": {""text"": ""Freezer: 'Questa non è nemmeno la mia forma finale!'"", ""delay"": 8}}, {""boss"": ""Freezer (Third Form)"", ""dialogue"": {""text"": ""Freezer: 'Ancora non basta? Che fastidio...'"", ""delay"": 8}}, {""boss"": ""Freezer (Final Form)"", ""dialogue"": {""text"": ""Freezer: 'Eccola! La mia VERA forma!'"", ""delay"": 10}}, {""boss"": ""Golden Freezer"", ""dialogue"": {""text"": ""Freezer: 'Il mio nuovo potere dorato! MUORI!'"", ""delay"": 10}}]", "{""wumpa"": 600, ""exp"": 300}","Tutte le trasformazioni del tiranno dell'universo. Resisti fino alla fine!"
6,Androidi Saga,Dragon Ball,5,"[{""mobs"": [{""name"": ""C19"", ""count"": 1}, {""name"": ""C20"", ""count"": 1}], ""dialogue"": {""text"": ""Dr. Gelo: 'La vostra energia ci appartiene!'"", ""delay"": 10}}, {""mobs"": [{""name"": ""C17"", ""count"": 1}, {""name"": ""C18"", ""count"": 1}], ""dialogue"": {""text"": ""C17: 'Facciamo un gioco? Chi sopravvive vince.'"", ""delay"": 10}}, {""boss"": ""Super C17"", ""dialogue"": {""text"": ""Super C17: 'La fusione perfetta tra Inferno e Terra!'"", ""delay"": 10}}]", "{""wumpa"": 500, ""exp"": 250}","Gli androidi terribili: prima C19 e C20, poi i gemelli C17 e C18, infine Super C17!"
7,Cell Games,Dragon Ball,6,"[{""mobs"": [{""name"": ""Cell Junior"", ""count"": 3}]}, {""boss"": ""Cell (Imperfect)"", ""dialogue"": {""text"": ""Cell: 'Devo... assorbire... gli androidi...'"", ""delay"": 8}}, {""boss"": ""Cell (Semi-Perfect)"", ""dialogue"": {""text"": ""Cell: 'Ancora un androide e sarò PERFETTO!'"", ""delay"": 8}}, {""boss"": ""Cell (Perfect)"", ""dialogue"": {""text"": ""Cell: 'Benvenuti ai CELL GAMES!'"", ""delay"": 10}}, {""boss"": ""Super Perfect Cell"", ""dialogue"": {""text"": ""Cell: 'Sono tornato! E sono ancora più forte!'"", ""delay"": 10}}]", "{""wumpa"": 700, ""exp"": 350}","Tutte le forme di Cell: dall'Imperfetto al Super Perfetto. Sopravvivi al torneo mortale!"
8,Majin Buu Saga,Dragon Ball,6,"[{""boss"": ""Majin Buu (Fat)"", ""dialogue"": {""text"": ""Majin Buu: 'Buu ti trasformerà in cioccolata! Gnam!'"", ""delay"": 8}}, {""boss"": ""Super Buu"", ""dialogue"": {""text"": ""Super Buu: 'DISTRUGGERE! UCCIDERE!'"", ""delay"": 8}}, {""boss"": ""Buuhan"", ""dialogue"": {""text"": ""Buuhan: 'Il corpo di Gohan... CHE POTERE!'"", ""delay"": 8}}, {""boss"": ""Kid Buu"", ""dialogue"": {""text"": ""Kid Buu: 'BUUUUU!!!'"", ""delay"": 10}}]", "{""wumpa"": 700, ""exp"": 350}","Il terrore rosa in tutte le sue forme. Dal giocoso Fat Buu al folle Kid Buu!"
9,God of Destruction,Dragon Ball,8,"[{""mobs"": [{""name"": ""Beerus"", ""count"": 1}, {""name"": ""Whis"", ""count"": 1}], ""dialogue"": {""text"": ""Beerus: 'Spero tu sia il Super Saiyan God... altrimenti la Terra è finita!'"", ""delay"": 12}}]", "{""wumpa"": 1000, ""exp"": 500}","Il Dio della Distruzione Beerus e il suo maestro Whis. Il duo più potente dell'universo!"
10,Broly's Rage,Dragon Ball,7,"[{""boss"": ""Broly"", ""dialogue"": {""text"": ""Broly: 'KAKAROTTO!!!'"", ""delay"": 8}}]", "{""wumpa"": 800, ""exp"": 400}","Il Super Saiyan Leggendario. La sua potenza è massima!"
11,Saga Draghi Malvagi,Dragon Ball,7,"[{""boss"": ""Haze Shenron""}, {""boss"": ""Rage Shenron""}, {""boss"": ""Oceanus Shenron""}, {""boss"": ""Naturon Shenron""}, {""boss"": ""Nuova Shenron""}, {""boss"": ""Eis Shenron""}, {""boss"": ""Syn Shenron""}, {""boss"": ""Omega Shenron"", ""dialogue"": {""text"": ""Omega Shenron: 'Sono la PERFEZIONE NEGATIVA!'"", ""delay"": 12}}]", "{""wumpa"": 900, ""exp"": 450}","L'energia negativa ha generato 7 draghi malvagi. Sconfiggili tutti!"
12,Stanza dello Spirito e del Tempo,Dragon Ball,5,"[{""mobs"": [{""name"": ""Tenshinhan"", ""count"": 1}, {""name"": ""Yamcha"", ""count"": 1}], ""dialogue"": {""text"": ""Tenshinhan: 'Benvenuto nella Stanza! Mostraci cosa sai fare!'"", ""delay"": 10}}, {""mobs"": [{""name"": ""Gotenks"", ""count"": 1}, {""name"": ""Trunks (Kid)"", ""count"": 1}], ""dialogue"": {""text"": ""Gotenks: 'Pronti per un allenamento SUPER FANTASTICO?!'"", ""delay"": 10}}, {""mobs"": [{""name"": ""Gohan"", ""count"": 1}, {""name"": ""Piccolo"", ""count"": 1}], ""dialogue"": {""text"": ""Piccolo: 'Maestro e allievo combattono insieme!'"", ""delay"": 10}}, {""mobs"": [{""name"": ""Goku"", ""count"": 1}, {""name"": ""Vegeta"", ""count"": 1}], ""dialogue"": {""text"": ""Goku: 'Pronti per l'allenamento finale?!'"", ""delay"": 10}}]", "{""wumpa"": 700, ""exp"": 350}","La leggendaria Stanza dello Spirito e del Tempo! Affronta 4 coppie di guerrieri in allenamento progressivo!"
13,Strade di New York,Marvel,1,"[{""mobs"": [{""name"": ""Scagnozzo"", ""count"": 3}]}, {""mobs"": [{""name"": ""Scagnozzo Armato"", ""count"": 2}], ""dialogue"": {""text"": ""Scagnozzo: Prendete l'eroe!"", ""delay"": 4}}, {""boss"": ""Vulture"", ""dialogue"": {""text"": ""Vulture: Dall'alto nessuno mi prende!"", ""delay"": 6}}]","{""wumpa"": 41, ""exp"": 64}",Ripulisci le strade di New York dai malviventi e affronta l'Avvoltoio.,5
14,Hell's Kitchen,Marvel,2,"[{""mobs"": [{""name"": ""Ninja della Mano"", ""count"": 4}]}, {""mobs"": [{""name"": ""Ninja della Mano"", ""count"": 3}, {""name"": ""Scagnozzo Armato"", ""count"": 2}]}, {""boss"": ""Rhino"", ""dialogue"": {""text"": ""Rhino: Niente può fermarmi!"", ""delay"": 6}}]","{""wumpa"": 63, ""exp"": 144}","La Mano ha invaso il quartiere: ninja, un colpo di scena e un gigante corazzato.",9
15,Base Hydra,Marvel,3,"[{""mobs"": [{""name"": ""Soldato Hydra"", ""count"": 3}]}, {""mobs"": [{""name"": ""Elite Hydra"", ""count"": 2}], ""dialogue"": {""text"": ""Elite: Hail Hydra!"", ""delay"": 5}}, {""boss"": ""Teschio Rosso"", ""dialogue"": {""text"": ""Teschio Rosso: Non vi lascerò distruggere i miei piani!"", ""delay"": 8}}]","{""wumpa"": 91, ""exp"": 266}",Infiltrati nella base segreta dell'Hydra e sconfiggi il Teschio Rosso.,14
16,Torre Oscorp,Marvel,4,"[{""mobs"": [{""name"": ""Ultron Bot"", ""count"": 3}]}, {""mobs"": [{""name"": ""Chitauri"", ""count"": 3}], ""dialogue"": {""text"": ""Segnale intercettato: tecnologia aliena nei laboratori."", ""delay"": 5}}, {""boss"": ""Green Goblin"", ""dialogue"": {""text"": ""Green Goblin: Un po' di fuochi d'artificio?"", ""delay"": 7}}]","{""wumpa"": 126, ""exp"": 432}","Nei laboratori di Oscorp qualcosa è andato storto, e Norman Osborn ride.",20
17,La Grande Caccia,Marvel,5,"[{""mobs"": [{""name"": ""Cacciatore"", ""count"": 4}]}, {""mobs"": [{""name"": ""Cacciatore"", ""count"": 3}, {""name"": ""Elite Hydra"", ""count"": 2}], ""dialogue"": {""text"": ""Cacciatore: Il capo vuole la sua preda viva."", ""delay"": 5}}, {""boss"": ""Kraven"", ""dialogue"": {""text"": ""Kraven: La caccia finisce qui."", ""delay"": 7}}]","{""wumpa"": 166, ""exp"": 633}",Kraven ha scelto la preda: tu. Sopravvivi alla caccia.,27
18,Guardiani della Galassia,Marvel,6,"[{""mobs"": [{""name"": ""Sakaariano"", ""count"": 4}]}, {""boss"": ""Star-Lord (Boss)"", ""dialogue"": {""text"": ""Star-Lord: Dance off, bro!"", ""delay"": 6}}, {""boss"": ""Groot & Rocket"", ""dialogue"": {""text"": ""Groot: I am Groot!"", ""delay"": 5}}, {""boss"": ""Ronan l'Accusatore"", ""dialogue"": {""text"": ""Ronan: Sarete giudicati!"", ""delay"": 6}}, {""boss"": ""Ego il Pianeta Vivente"", ""dialogue"": {""text"": ""Ego: Io sono l'universo!"", ""delay"": 8}}]","{""wumpa"": 208, ""exp"": 855}","Viaggia nel cosmo! Incontra i Guardiani, combatti Ronan e affronta il Celestiale Ego.",35
19,Invasione Simbionte,Marvel,7,"[{""mobs"": [{""name"": ""Simbionte"", ""count"": 4}]}, {""mobs"": [{""name"": ""Simbionte"", ""count"": 5}], ""dialogue"": {""text"": ""Il simbionte si moltiplica. Non lasciate che vi tocchi!"", ""delay"": 5}}, {""boss"": ""Carnage"", ""dialogue"": {""text"": ""Carnage: CAOS!"", ""delay"": 8}}]","{""wumpa"": 244, ""exp"": 1054}",Una macchia di simbionte è fuggita dal laboratorio: ora ce n'è ovunque.,43
20,Famiglia Divina (Asgard),Marvel,7,"[{""mobs"": [{""name"": ""Valkyria Corrotta"", ""count"": 3}]}, {""boss"": ""Loki"", ""dialogue"": {""text"": ""Loki: Inginocchiatevi davanti a me!"", ""delay"": 6}}, {""boss"": ""Thor (Boss)"", ""dialogue"": {""text"": ""Thor: Affrontiamo questa battaglia onorevolmente!"", ""delay"": 6}}, {""boss"": ""Hela"", ""dialogue"": {""text"": ""Hela: Io sono la dea della morte!"", ""delay"": 6}}, {""boss"": ""Odin (Boss)"", ""dialogue"": {""text"": ""Odin: Mettiti alla prova contro il Padre degli Dei!"", ""delay"": 8}}]","{""wumpa"": 276, ""exp"": 1223}","Affronta le divinità di Asgard, guidate da Loki, Thor, Hela e Odino!",51
21,Mondo Mutante,Marvel,8,"[{""mobs"": [{""name"": ""Sentinella"", ""count"": 3}]}, {""mobs"": [{""name"": ""Sentinella"", ""count"": 4}], ""dialogue"": {""text"": ""Sentinella: Mutante rilevato. Eliminazione."", ""delay"": 5}}, {""boss"": ""Magneto"", ""dialogue"": {""text"": ""Magneto: Io sono il futuro dei mutanti."", ""delay"": 8}}]","{""wumpa"": 304, ""exp"": 1375}","Le Sentinelle danno la caccia ai mutanti, e Magneto non resterà a guardare.",60
22,Il Conquistatore,Marvel,9,"[{""mobs"": [{""name"": ""Guardia Temporale"", ""count"": 4}]}, {""mobs"": [{""name"": ""Guardia Temporale"", ""count"": 3}, {""name"": ""Outrider"", ""count"": 3}], ""dialogue"": {""text"": ""Guardia Temporale: Il Conquistatore ha già vinto."", ""delay"": 5}}, {""boss"": ""Kang"", ""dialogue"": {""text"": ""Kang: Ho già visto come finisce."", ""delay"": 9}}]","{""wumpa"": 327, ""exp"": 1501}",Kang conosce già il finale: dimostragli che si sbaglia.,70
23,Infinity War,Marvel,9,"[{""mobs"": [{""name"": ""Outrider"", ""count"": 6}]}, {""mobs"": [{""name"": ""Corvus Glaive"", ""count"": 1}, {""name"": ""Proxima Midnight"", ""count"": 1}]}, {""mobs"": [{""name"": ""Ebony Maw"", ""count"": 1}, {""name"": ""Cull Obsidian"", ""count"": 1}]}, {""boss"": ""Thanos"", ""dialogue"": {""text"": ""Thanos: Sono ineluttabile."", ""delay"": 8}}]","{""wumpa"": 344, ""exp"": 1588}",L'Ordine Nero e l'esercito di Thanos ti attendono.,80
24,Endgame,Marvel,10,"[{""mobs"": [{""name"": ""Outrider"", ""count"": 5}, {""name"": ""Chitauri Gorillaro"", ""count"": 2}]}, {""boss"": ""Thanos"", ""dialogue"": {""text"": ""Thanos: Non sapete cosa avete fatto."", ""delay"": 8}}, {""boss"": ""Thanos (Guanto dell'Infinito)"", ""dialogue"": {""text"": ""Thanos: Cancellerò questo universo e ne creerò uno nuovo."", ""delay"": 10}}]","{""wumpa"": 356, ""exp"": 1645}",La battaglia finale per bilanciare l'universo.,90
25,L'Arrivo di Galactus,Marvel,10,"[{""boss"": ""Silver Surfer (Boss)"", ""dialogue"": {""text"": ""Silver Surfer: Il mio padrone affamato si avvicina."", ""delay"": 8}}, {""boss"": ""Galactus (Boss)"", ""dialogue"": {""text"": ""Galactus: Sfamate il mio appetito cosmico!"", ""delay"": 12}}]","{""wumpa"": 365, ""exp"": 1678}",Il divoratore di mondi è sulla Terra. Nessuno è al sicuro.,100
