name,prompt,seed
Hunter,"Hunter from Half-Life, Il cacciatore agile, single creature centered, full body, dark fantasy digital painting, dramatic lighting, highly detailed, sharp focus, no text, no logo",41715
Combine Soldier,"Combine Soldier from Half-Life, Il soldato Combine, single creature centered, full body, dark fantasy digital painting, dramatic lighting, highly detailed, sharp focus, no text, no logo",47016
Chozo Ghost,"Chozo Ghost from Metroid, Il fantasma Chozo, single creature centered, full body, dark fantasy digital painting, dramatic lighting, highly detailed, sharp focus, no text, no logo",10601
Phazon Elite,"Phazon Elite from Metroid, L'elite Phazon, single creature centered, full body, dark fantasy digital painting, dramatic lighting, highly detailed, sharp focus, no text, no logo",69162
Ridley Clone,"Ridley Clone from Metroid, Il clone del drago, single creature centered, full body, dark fantasy digital painting, dramatic lighting, highly detailed, sharp focus, no text, no logo",91243
Kraid,"Kraid from Metroid, Il gigante verde, single creature centered, full body, dark fantasy digital painting, dramatic lighting, highly detailed, sharp focus, no text, no logo",266
Sentinel,"Sentinel from Halo, Il costruttore antico, single creature centered, full body, dark fantasy digital painting, dramatic lighting, highly detailed, sharp focus, no text, no logo",7385
Flood Combat,"Flood Combat from Halo, La forma da combattimento, single creature centered, full body, dark fantasy digital painting, dramatic lighting, highly detailed, sharp focus, no text, no logo",83096
Promethean Knight,"Promethean Knight from Halo, Il cavaliere Promethean, single creature centered, full body, dark fantasy digital painting, dramatic lighting, highly detailed, sharp focus, no text, no logo",83130
Demon,"Demon from Doom, Il demone rosa, single creature centered, full body, dark fantasy digital painting, dramatic lighting, highly detailed, sharp focus, no text, no logo",71841
Cacodemon,"Cacodemon from Doom, La palla sputafuoco, single creature centered, full body, dark fantasy digital painting, dramatic lighting, highly detailed, sharp focus, no text, no logo",78406
Baron of Hell,"Baron of Hell from Doom, Il barone infernale, single creature centered, full body, dark fantasy digital painting, dramatic lighting, highly detailed, sharp focus, no text, no logo",72932
Mancubus,"Mancubus from Doom, Il grasso demone, single creature centered, full body, dark fantasy digital painting, dramatic lighting, highly detailed, sharp focus, no text, no logo",89702
Revenant,"Revenant from Doom, Lo scheletro missilistico, single creature centered, full body, dark fantasy digital painting, dramatic lighting, highly detailed, sharp focus, no text, no logo",81402
Pain Elemental,"Pain Elemental from Doom, Il generatore di anime, single creature centered, full body, dark fantasy digital painting, dramatic lighting, highly detailed, sharp focus, no text, no logo",25048
Hell Knight,"Hell Knight from Doom, Il cavaliere infernale, single creature centered, full body, dark fantasy digital painting, dramatic lighting, highly detailed, sharp focus, no text, no logo",463
Boomer,"Boomer from Gears of War, L'esplosivo, single creature centered, full body, dark fantasy digital painting, dramatic lighting, highly detailed, sharp focus, no text, no logo",22028
Kantus,"Kantus from Gears of War, Il sacerdote, single creature centered, full body, dark fantasy digital painting, dramatic lighting, highly detailed, sharp focus, no text, no logo",53560
Theron Guard,"Theron Guard from Gears of War, La guardia d'elite, single creature centered, full body, dark fantasy digital painting, dramatic lighting, highly detailed, sharp focus, no text, no logo",94122
Corpser,"Corpser from Gears of War, Il ragno gigante, single creature centered, full body, dark fantasy digital painting, dramatic lighting, highly detailed, sharp focus, no text, no logo",52285
Brumak,"Brumak from Gears of War, Il titano Locust, single creature centered, full body, dark fantasy digital painting, dramatic lighting, highly detailed, sharp focus, no text, no logo",40448
Ginyu (Goku Body),"Ginyu (Goku Body) from Dragon Ball, Ginyu nel corpo di Goku, single creature centered, full body, dark fantasy digital painting, dramatic lighting, highly detailed, sharp focus, no text, no logo",41885
Vegeta (Great Ape),"Vegeta (Great Ape) from Dragon Ball, Vegeta trasformato in Scimmione Gigante, single creature centered, full body, dark fantasy digital painting, dramatic lighting, highly detailed, sharp focus, no text, no logo",70006
Zarbon (Transformed),"Zarbon (Transformed) from Dragon Ball, La vera forma mostruosa di Zarbon, single creature centered, full body, dark fantasy digital painting, dramatic lighting, highly detailed, sharp focus, no text, no logo",92834
