slug,source,seed,prompt
adam_warlock,pollinations.ai (flux),16162,"Adam Warlock, golden skin with red cape, soul gem on forehead, cosmic aura, Marvel Comics, single character centered portrait, cinematic lighting, dramatic rim light, comic book art style, highly detailed, sharp focus, dark background, professional character concept art"
agatha_harkness,pollinations.ai (flux),21248,"Agatha Harkness, witch in purple robes with glowing magic hands, dark hair, Marvel Comics, single character centered portrait, cinematic lighting, dramatic rim light, comic book art style, highly detailed, sharp focus, dark background, professional character concept art"
america_chavez,pollinations.ai (flux),11214,"America Chavez, star on her jacket, jean jacket, star-shaped portal, Marvel Comics, single character centered portrait, cinematic lighting, dramatic rim light, comic book art style, highly detailed, sharp focus, dark background, professional character concept art"
ant_man,pollinations.ai (flux),65716,"Ant-Man, red and silver ant suit with round helmet, Marvel Comics, single character centered portrait, cinematic lighting, dramatic rim light, comic book art style, highly detailed, sharp focus, dark background, professional character concept art"
baron_zemo,pollinations.ai (flux),19549,"Baron Zemo, purple mask with dark hood, ruthless strategist, tactical gear, Marvel Comics, single character centered portrait, cinematic lighting, dramatic rim light, comic book art style, highly detailed, sharp focus, dark background, professional character concept art"
beast,pollinations.ai (flux),50982,"Beast, blue furry mutant genius, lab coat, glasses, X-Men, Marvel Comics, single character centered portrait, cinematic lighting, dramatic rim light, comic book art style, highly detailed, sharp focus, dark background, professional character concept art"
binary_form,pollinations.ai (flux),3614,"Binary Form, iconic superhero costume, recognizable design, Marvel Comics, single character centered portrait, cinematic lighting, dramatic rim light, comic book art style, highly detailed, sharp focus, dark background, professional character concept art"
black_panther,pollinations.ai (flux),43775,"Black Panther, sleek black panther armor with silver lines and cat mask, Marvel Comics, single character centered portrait, cinematic lighting, dramatic rim light, comic book art style, highly detailed, sharp focus, dark background, professional character concept art"
black_widow,pollinations.ai (flux),22964,"Black Widow, black tactical suit with red hourglass insignia, dual pistols, Marvel Comics, single character centered portrait, cinematic lighting, dramatic rim light, comic book art style, highly detailed, sharp focus, dark background, professional character concept art"
blade,pollinations.ai (flux),75080,"Blade, black leather coat, sunglasses, silver sword, vampire hunter, Marvel Comics, single character centered portrait, cinematic lighting, dramatic rim light, comic book art style, highly detailed, sharp focus, dark background, professional character concept art"
blue_marvel,pollinations.ai (flux),46189,"Blue Marvel, blue and black costume with glowing antimatter energy, Marvel Comics, single character centered portrait, cinematic lighting, dramatic rim light, comic book art style, highly detailed, sharp focus, dark background, professional character concept art"
bruce_banner,pollinations.ai (flux),52786,"Bruce Banner, torn clothes, scientist look, slight green tinge under skin, Marvel Comics, single character centered portrait, cinematic lighting, dramatic rim light, comic book art style, highly detailed, sharp focus, dark background, professional character concept art"
cable,pollinations.ai (flux),52,"Cable, cybernetic eye and arm, tactical armor with a large rifle, time traveler, Marvel Comics, single character centered portrait, cinematic lighting, dramatic rim light, comic book art style, highly detailed, sharp focus, dark background, professional character concept art"
cacciatore,pollinations.ai (flux),79576,"Cacciatore, mercenary hunter in camouflage with a rifle and animal trophies, Marvel Comics, single character centered portrait, cinematic lighting, dramatic rim light, comic book art style, highly detailed, sharp focus, dark background, professional character concept art"
captain_marvel,pollinations.ai (flux),44048,"Captain Marvel, iconic superhero costume, recognizable design, Marvel Comics, single character centered portrait, cinematic lighting, dramatic rim light, comic book art style, highly detailed, sharp focus, dark background, professional character concept art"
carnage,pollinations.ai (flux),95814,"Carnage, chaotic red symbiote with long tentacles and claws, Marvel Comics, single character centered portrait, cinematic lighting, dramatic rim light, comic book art style, highly detailed, sharp focus, dark background, professional character concept art"
carol_danvers,pollinations.ai (flux),28924,"Carol Danvers, iconic superhero costume, recognizable design, Marvel Comics, single character centered portrait, cinematic lighting, dramatic rim light, comic book art style, highly detailed, sharp focus, dark background, professional character concept art"
chitauri,pollinations.ai (flux),40123,"Chitauri, alien warrior armor, reptilian features, sci-fi weapon, Marvel Comics, single character centered portrait, cinematic lighting, dramatic rim light, comic book art style, highly detailed, sharp focus, dark background, professional character concept art"
chitauri_gorillaro,pollinations.ai (flux),99861,"Chitauri Gorillaro, alien warrior armor, reptilian features, sci-fi weapon, Marvel Comics, single character centered portrait, cinematic lighting, dramatic rim light, comic book art style, highly detailed, sharp focus, dark background, professional character concept art"
clint_barton,pollinations.ai (flux),74416,"Clint Barton, iconic superhero costume, recognizable design, Marvel Comics, single character centered portrait, cinematic lighting, dramatic rim light, comic book art style, highly detailed, sharp focus, dark background, professional character concept art"
colossus,pollinations.ai (flux),55406,"Colossus, huge man with polished steel skin, red and yellow X-Men outfit, Marvel Comics, single character centered portrait, cinematic lighting, dramatic rim light, comic book art style, highly detailed, sharp focus, dark background, professional character concept art"
corvus_glaive,pollinations.ai (flux),93361,"Corvus Glaive, dark armor, glaive weapon, black order general look, Marvel Comics, single character centered portrait, cinematic lighting, dramatic rim light, comic book art style, highly detailed, sharp focus, dark background, professional character concept art"
cosmic_spider_man,pollinations.ai (flux),59377,"Cosmic Spider-Man, ethereal blue glow over classic suit, cosmic energy aura, Marvel Comics, single character centered portrait, cinematic lighting, dramatic rim light, comic book art style, highly detailed, sharp focus, dark background, professional character concept art"
cull_obsidian,pollinations.ai (flux),68762,"Cull Obsidian, massive black armored warrior, overwhelming physical presence, Marvel Comics, single character centered portrait, cinematic lighting, dramatic rim light, comic book art style, highly detailed, sharp focus, dark background, professional character concept art"
cyclops,pollinations.ai (flux),5540,"Cyclops, red ruby quartz visor, blue and yellow X-Men uniform, optic blast, Marvel Comics, single character centered portrait, cinematic lighting, dramatic rim light, comic book art style, highly detailed, sharp focus, dark background, professional character concept art"
daredevil,pollinations.ai (flux),16363,"Daredevil, red vigilante suit with horned mask, billy club, rooftop at night, Marvel Comics, single character centered portrait, cinematic lighting, dramatic rim light, comic book art style, highly detailed, sharp focus, dark background, professional character concept art"
deadpool,pollinations.ai (flux),61410,"Deadpool, red and black tactical suit, white eye patches, katanas over shoulders, Marvel Comics, single character centered portrait, cinematic lighting, dramatic rim light, comic book art style, highly detailed, sharp focus, dark background, professional character concept art"
doc_ock,pollinations.ai (flux),94823,"Doc Ock, four mechanical tentacles, green and yellow suit, round glasses, Marvel Comics, single character centered portrait, cinematic lighting, dramatic rim light, comic book art style, highly detailed, sharp focus, dark background, professional character concept art"
doctor_strange,pollinations.ai (flux),38502,"Doctor Strange, blue mystic robes and red cloak of levitation, glowing magic sigils, Marvel Comics, single character centered portrait, cinematic lighting, dramatic rim light, comic book art style, highly detailed, sharp focus, dark background, professional character concept art"
domino,pollinations.ai (flux),71266,"Domino, white skin with black eye patches, black tactical gear, dual pistols, Marvel Comics, single character centered portrait, cinematic lighting, dramatic rim light, comic book art style, highly detailed, sharp focus, dark background, professional character concept art"
drax,pollinations.ai (flux),83774,"Drax, huge grey-skinned warrior with red tattoos, twin daggers, bare chest, Marvel Comics, single character centered portrait, cinematic lighting, dramatic rim light, comic book art style, highly detailed, sharp focus, dark background, professional character concept art"
ebony_maw,pollinations.ai (flux),39365,"Ebony Maw, thin elongated villain in dark robes, mind control power aura, Marvel Comics, single character centered portrait, cinematic lighting, dramatic rim light, comic book art style, highly detailed, sharp focus, dark background, professional character concept art"
echo,pollinations.ai (flux),50450,"Echo, deaf martial artist woman, black bodysuit with a white handprint on her face, Marvel Comics, single character centered portrait, cinematic lighting, dramatic rim light, comic book art style, highly detailed, sharp focus, dark background, professional character concept art"
eddie_brock,pollinations.ai (flux),88087,"Eddie Brock, iconic superhero costume, recognizable design, Marvel Comics, single character centered portrait, cinematic lighting, dramatic rim light, comic book art style, highly detailed, sharp focus, dark background, professional character concept art"
ego_il_pianeta_vivente,pollinations.ai (flux),73366,"Ego il Pianeta Vivente, golden glowing celestial being, planetary scale cosmic entity, Marvel Comics, single character centered portrait, cinematic lighting, dramatic rim light, comic book art style, highly detailed, sharp focus, dark background, professional character concept art"
electro,pollinations.ai (flux),72156,"Electro, yellow and blue lightning villain, electrified bodysuit with star mask, Marvel Comics, single character centered portrait, cinematic lighting, dramatic rim light, comic book art style, highly detailed, sharp focus, dark background, professional character concept art"
elektra,pollinations.ai (flux),34356,"Elektra, female assassin in red outfit with twin sai blades, hooded, Marvel Comics, single character centered portrait, cinematic lighting, dramatic rim light, comic book art style, highly detailed, sharp focus, dark background, professional character concept art"
elite_hydra,pollinations.ai (flux),41601,"Elite Hydra, dark tactical military uniform with green hydra emblem, Marvel Comics, single character centered portrait, cinematic lighting, dramatic rim light, comic book art style, highly detailed, sharp focus, dark background, professional character concept art"
emma_frost,pollinations.ai (flux),38271,"Emma Frost, white outfit, platinum blonde hair, diamond skin, regal, Marvel Comics, single character centered portrait, cinematic lighting, dramatic rim light, comic book art style, highly detailed, sharp focus, dark background, professional character concept art"
falcon,pollinations.ai (flux),55692,"Falcon, Sam Wilson, red and silver mechanical wings, tactical suit, goggles, Marvel Comics, single character centered portrait, cinematic lighting, dramatic rim light, comic book art style, highly detailed, sharp focus, dark background, professional character concept art"
fantastic_four,pollinations.ai (flux),24457,"Fantastic Four, four heroes in blue uniforms: a stretching man, an invisible woman, a flaming man and a rocky giant, Marvel Comics, single character centered portrait, cinematic lighting, dramatic rim light, comic book art style, highly detailed, sharp focus, dark background, professional character concept art"
galactus,pollinations.ai (flux),92274,"Galactus, iconic superhero costume, recognizable design, Marvel Comics, single character centered portrait, cinematic lighting, dramatic rim light, comic book art style, highly detailed, sharp focus, dark background, professional character concept art"
galactus_boss,pollinations.ai (flux),82310,"Galactus (Boss), iconic superhero costume, recognizable design, Marvel Comics, single character centered portrait, cinematic lighting, dramatic rim light, comic book art style, highly detailed, sharp focus, dark background, professional character concept art"
gamora,pollinations.ai (flux),72997,"Gamora, green-skinned warrior woman, black leather outfit, long sword, dark hair, Marvel Comics, single character centered portrait, cinematic lighting, dramatic rim light, comic book art style, highly detailed, sharp focus, dark background, professional character concept art"
ghost_rider,pollinations.ai (flux),58215,"Ghost Rider, flaming skull rider, black leather jacket, chains, motorcycle, Marvel Comics, single character centered portrait, cinematic lighting, dramatic rim light, comic book art style, highly detailed, sharp focus, dark background, professional character concept art"
green_goblin,pollinations.ai (flux),27185,"Green Goblin, green armored goblin villain with pointed ears, purple tunic, pumpkin bomb, glider, Marvel Comics, single character centered portrait, cinematic lighting, dramatic rim light, comic book art style, highly detailed, sharp focus, dark background, professional character concept art"
groot,pollinations.ai (flux),52935,"Groot, tree creature, bark skin, warm glowing core, gentle giant, Marvel Comics, single character centered portrait, cinematic lighting, dramatic rim light, comic book art style, highly detailed, sharp focus, dark background, professional character concept art"
groot_baby,pollinations.ai (flux),8472,"Groot (Baby), tree creature, bark skin, warm glowing core, gentle giant, Marvel Comics, single character centered portrait, cinematic lighting, dramatic rim light, comic book art style, highly detailed, sharp focus, dark background, professional character concept art"
groot_rocket,pollinations.ai (flux),55099,"Groot & Rocket, tree creature, bark skin, warm glowing core, gentle giant, Marvel Comics, single character centered portrait, cinematic lighting, dramatic rim light, comic book art style, highly detailed, sharp focus, dark background, professional character concept art"
guardia_temporale,pollinations.ai (flux),45690,"Guardia Temporale, futuristic soldier in sleek blue armor with an energy rifle, Marvel Comics, single character centered portrait, cinematic lighting, dramatic rim light, comic book art style, highly detailed, sharp focus, dark background, professional character concept art"
hawkeye,pollinations.ai (flux),62621,"Hawkeye, purple tactical archer suit, quiver and bow visible, Marvel Comics, single character centered portrait, cinematic lighting, dramatic rim light, comic book art style, highly detailed, sharp focus, dark background, professional character concept art"
hela,pollinations.ai (flux),3486,"Hela, black horned crown, dark green and black outfit, death goddess aura, Marvel Comics, single character centered portrait, cinematic lighting, dramatic rim light, comic book art style, highly detailed, sharp focus, dark background, professional character concept art"
hulk,pollinations.ai (flux),59056,"Hulk, green skin, massive muscular build, purple pants, rage expression, Marvel Comics, single character centered portrait, cinematic lighting, dramatic rim light, comic book art style, highly detailed, sharp focus, dark background, professional character concept art"
human_torch,pollinations.ai (flux),49291,"Human Torch, man engulfed in orange flames, blue fantastic four suit, Marvel Comics, single character centered portrait, cinematic lighting, dramatic rim light, comic book art style, highly detailed, sharp focus, dark background, professional character concept art"
iceman,pollinations.ai (flux),15383,"Iceman, ice-covered translucent body, frost aura, blue X-Men colors, Marvel Comics, single character centered portrait, cinematic lighting, dramatic rim light, comic book art style, highly detailed, sharp focus, dark background, professional character concept art"
invisible_woman,pollinations.ai (flux),28252,"Invisible Woman, woman in blue suit with a translucent force-field bubble, blonde hair, Marvel Comics, single character centered portrait, cinematic lighting, dramatic rim light, comic book art style, highly detailed, sharp focus, dark background, professional character concept art"
iron_man,pollinations.ai (flux),11558,"Iron Man, advanced red and gold nanotech armor, glowing arc reactor, flying, Marvel Comics, single character centered portrait, cinematic lighting, dramatic rim light, comic book art style, highly detailed, sharp focus, dark background, professional character concept art"
iron_man_bleeding_edge,pollinations.ai (flux),81213,"Iron Man Bleeding Edge, ultra-sleek red and gold armor with liquid metal finish, Marvel Comics, single character centered portrait, cinematic lighting, dramatic rim light, comic book art style, highly detailed, sharp focus, dark background, professional character concept art"
iron_spider,pollinations.ai (flux),64689,"Iron Spider, red and gold nano-tech suit with spider symbol, sleek futuristic armor, Marvel Comics, single character centered portrait, cinematic lighting, dramatic rim light, comic book art style, highly detailed, sharp focus, dark background, professional character concept art"
jean_grey,pollinations.ai (flux),16404,"Jean Grey, red and gold phoenix fire aura, long red hair, green costume, Marvel Comics, single character centered portrait, cinematic lighting, dramatic rim light, comic book art style, highly detailed, sharp focus, dark background, professional character concept art"
jubilee,pollinations.ai (flux),44434,"Jubilee, yellow coat and sunglasses, colorful plasma sparks in her hands, Marvel Comics, single character centered portrait, cinematic lighting, dramatic rim light, comic book art style, highly detailed, sharp focus, dark background, professional character concept art"
kang,pollinations.ai (flux),78491,"Kang, blue and green armor with high collar and helmet, time portal behind, Marvel Comics, single character centered portrait, cinematic lighting, dramatic rim light, comic book art style, highly detailed, sharp focus, dark background, professional character concept art"
kate_bishop,pollinations.ai (flux),60085,"Kate Bishop, young archer woman, purple and black costume, dark sunglasses, bow and quiver, Marvel Comics, single character centered portrait, cinematic lighting, dramatic rim light, comic book art style, highly detailed, sharp focus, dark background, professional character concept art"
king_groot,pollinations.ai (flux),52820,"King Groot, tree creature, bark skin, warm glowing core, gentle giant, Marvel Comics, single character centered portrait, cinematic lighting, dramatic rim light, comic book art style, highly detailed, sharp focus, dark background, professional character concept art"
king_in_black_venom,pollinations.ai (flux),1217,"King in Black Venom, black symbiote body with white spider emblem, sharp teeth, tongue, Marvel Comics, single character centered portrait, cinematic lighting, dramatic rim light, comic book art style, highly detailed, sharp focus, dark background, professional character concept art"
king_of_the_dead,pollinations.ai (flux),68124,"King of the Dead, iconic superhero costume, recognizable design, Marvel Comics, single character centered portrait, cinematic lighting, dramatic rim light, comic book art style, highly detailed, sharp focus, dark background, professional character concept art"
king_thor,pollinations.ai (flux),64428,"King Thor, regal golden asgardian armor, crown, Mjolnir, imposing ruler, Marvel Comics, single character centered portrait, cinematic lighting, dramatic rim light, comic book art style, highly detailed, sharp focus, dark background, professional character concept art"
kingpin,pollinations.ai (flux),50692,"Kingpin, huge bald crime lord in a white suit with cane, menacing, Marvel Comics, single character centered portrait, cinematic lighting, dramatic rim light, comic book art style, highly detailed, sharp focus, dark background, professional character concept art"
kitty_pryde,pollinations.ai (flux),21904,"Kitty Pryde, young mutant woman in yellow and blue X-Men uniform phasing through a wall, Marvel Comics, single character centered portrait, cinematic lighting, dramatic rim light, comic book art style, highly detailed, sharp focus, dark background, professional character concept art"
kraven,pollinations.ai (flux),47660,"Kraven, muscular hunter in a lion-mane vest, spear, jungle trophies, Marvel Comics, single character centered portrait, cinematic lighting, dramatic rim light, comic book art style, highly detailed, sharp focus, dark background, professional character concept art"
lizard,pollinations.ai (flux),47076,"Lizard, giant green lizard man, torn lab coat, reptile scales and claws, Marvel Comics, single character centered portrait, cinematic lighting, dramatic rim light, comic book art style, highly detailed, sharp focus, dark background, professional character concept art"
logan_weapon_x,pollinations.ai (flux),79042,"Logan (Weapon X), iconic superhero costume, recognizable design, Marvel Comics, single character centered portrait, cinematic lighting, dramatic rim light, comic book art style, highly detailed, sharp focus, dark background, professional character concept art"
loki,pollinations.ai (flux),27658,"Loki, green and gold asgardian outfit, horned crown, mischievous grin, Marvel Comics, single character centered portrait, cinematic lighting, dramatic rim light, comic book art style, highly detailed, sharp focus, dark background, professional character concept art"
magneto,pollinations.ai (flux),84409,"Magneto, red and purple armor with cape and helmet, metal objects floating, Marvel Comics, single character centered portrait, cinematic lighting, dramatic rim light, comic book art style, highly detailed, sharp focus, dark background, professional character concept art"
mantis,pollinations.ai (flux),14606,"Mantis, woman with antennae, green insect-like empath suit, calm aura, Marvel Comics, single character centered portrait, cinematic lighting, dramatic rim light, comic book art style, highly detailed, sharp focus, dark background, professional character concept art"
mbaku,pollinations.ai (flux),34625,"M'Baku, huge bearded warrior in white gorilla fur armor, Jabari tribe, Marvel Comics, single character centered portrait, cinematic lighting, dramatic rim light, comic book art style, highly detailed, sharp focus, dark background, professional character concept art"
monica_rambeau,pollinations.ai (flux),47324,"Monica Rambeau, woman with glowing white energy aura, blue and white suit, Marvel Comics, single character centered portrait, cinematic lighting, dramatic rim light, comic book art style, highly detailed, sharp focus, dark background, professional character concept art"
moon_knight,pollinations.ai (flux),93695,"Moon Knight, white hooded costume with crescent moon cape, silver mask, Marvel Comics, single character centered portrait, cinematic lighting, dramatic rim light, comic book art style, highly detailed, sharp focus, dark background, professional character concept art"
morbius,pollinations.ai (flux),13865,"Morbius, pale vampire scientist, black coat, dark veins, fangs, Marvel Comics, single character centered portrait, cinematic lighting, dramatic rim light, comic book art style, highly detailed, sharp focus, dark background, professional character concept art"
mr_fantastic,pollinations.ai (flux),42869,"Mr. Fantastic, stretching man in blue fantastic four suit, grey temples, Marvel Comics, single character centered portrait, cinematic lighting, dramatic rim light, comic book art style, highly detailed, sharp focus, dark background, professional character concept art"
ms_marvel,pollinations.ai (flux),9837,"Ms. Marvel, young heroine in blue and red suit with lightning bolt, giant glowing fist, Marvel Comics, single character centered portrait, cinematic lighting, dramatic rim light, comic book art style, highly detailed, sharp focus, dark background, professional character concept art"
mysterio,pollinations.ai (flux),9139,"Mysterio, fishbowl glass dome helmet, green cape, purple smoke illusions, Marvel Comics, single character centered portrait, cinematic lighting, dramatic rim light, comic book art style, highly detailed, sharp focus, dark background, professional character concept art"
mystique,pollinations.ai (flux),22897,"Mystique, blue-skinned shapeshifter with red hair, white dress, yellow eyes, Marvel Comics, single character centered portrait, cinematic lighting, dramatic rim light, comic book art style, highly detailed, sharp focus, dark background, professional character concept art"
namor,pollinations.ai (flux),96028,"Namor, winged ankles, green swimming trunks, atlantean king with trident, water waves, Marvel Comics, single character centered portrait, cinematic lighting, dramatic rim light, comic book art style, highly detailed, sharp focus, dark background, professional character concept art"
natasha_romanoff,pollinations.ai (flux),99934,"Natasha Romanoff, black tactical stealth suit, calm determined expression, Marvel Comics, single character centered portrait, cinematic lighting, dramatic rim light, comic book art style, highly detailed, sharp focus, dark background, professional character concept art"
nebula,pollinations.ai (flux),99298,"Nebula, blue cybernetic woman, bald with metal implants, black armor, Marvel Comics, single character centered portrait, cinematic lighting, dramatic rim light, comic book art style, highly detailed, sharp focus, dark background, professional character concept art"
nick_fury,pollinations.ai (flux),65755,"Nick Fury, black eyepatch, black leather trench coat, bald head, serious look, Marvel Comics, single character centered portrait, cinematic lighting, dramatic rim light, comic book art style, highly detailed, sharp focus, dark background, professional character concept art"
nightcrawler,pollinations.ai (flux),29575,"Nightcrawler, blue furry mutant with pointed ears, red and black costume, demon tail, teleport smoke, Marvel Comics, single character centered portrait, cinematic lighting, dramatic rim light, comic book art style, highly detailed, sharp focus, dark background, professional character concept art"
ninja_della_mano,pollinations.ai (flux),21481,"Ninja della Mano, black ninja assassin with red markings, katana, Marvel Comics, single character centered portrait, cinematic lighting, dramatic rim light, comic book art style, highly detailed, sharp focus, dark background, professional character concept art"
nova,pollinations.ai (flux),975,"Nova, gold helmet and blue suit, cosmic energy Nova Corps hero, Marvel Comics, single character centered portrait, cinematic lighting, dramatic rim light, comic book art style, highly detailed, sharp focus, dark background, professional character concept art"
odin_boss,pollinations.ai (flux),890,"Odin (Boss), golden asgardian armor, eyepatch, white beard, all-father presence, Marvel Comics, single character centered portrait, cinematic lighting, dramatic rim light, comic book art style, highly detailed, sharp focus, dark background, professional character concept art"
okoye,pollinations.ai (flux),88342,"Okoye, bald warrior woman in red Dora Milaje armor holding a vibranium spear, Marvel Comics, single character centered portrait, cinematic lighting, dramatic rim light, comic book art style, highly detailed, sharp focus, dark background, professional character concept art"
old_man_logan,pollinations.ai (flux),34582,"Old Man Logan, iconic superhero costume, recognizable design, Marvel Comics, single character centered portrait, cinematic lighting, dramatic rim light, comic book art style, highly detailed, sharp focus, dark background, professional character concept art"
outrider,pollinations.ai (flux),89901,"Outrider, alien creature, feral attack pose, dark chitinous armor, Marvel Comics, single character centered portrait, cinematic lighting, dramatic rim light, comic book art style, highly detailed, sharp focus, dark background, professional character concept art"
peter_parker,replicate (flux-schnell),,
peter_quill,pollinations.ai (flux),14859,"Peter Quill, iconic superhero costume, recognizable design, Marvel Comics, single character centered portrait, cinematic lighting, dramatic rim light, comic book art style, highly detailed, sharp focus, dark background, professional character concept art"
photon,pollinations.ai (flux),37984,"Photon, pure white-yellow light energy woman, glowing radiant aura, Marvel Comics, single character centered portrait, cinematic lighting, dramatic rim light, comic book art style, highly detailed, sharp focus, dark background, professional character concept art"
professor_x,pollinations.ai (flux),96351,"Professor X, bald old man in a wheelchair, glowing psychic Cerebro aura, Marvel Comics, single character centered portrait, cinematic lighting, dramatic rim light, comic book art style, highly detailed, sharp focus, dark background, professional character concept art"
proxima_midnight,pollinations.ai (flux),77330,"Proxima Midnight, dark armor, spear weapon, fierce warrior expression, Marvel Comics, single character centered portrait, cinematic lighting, dramatic rim light, comic book art style, highly detailed, sharp focus, dark background, professional character concept art"
psylocke,pollinations.ai (flux),31389,"Psylocke, purple ninja costume with psychic butterfly aura, katana, Marvel Comics, single character centered portrait, cinematic lighting, dramatic rim light, comic book art style, highly detailed, sharp focus, dark background, professional character concept art"
punisher,pollinations.ai (flux),24187,"Punisher, black tactical outfit with white skull chest emblem, assault rifle, Marvel Comics, single character centered portrait, cinematic lighting, dramatic rim light, comic book art style, highly detailed, sharp focus, dark background, professional character concept art"
quicksilver,pollinations.ai (flux),94531,"Quicksilver, silver hair, silver and blue speedster suit, speed lines, Marvel Comics, single character centered portrait, cinematic lighting, dramatic rim light, comic book art style, highly detailed, sharp focus, dark background, professional character concept art"
rhino,pollinations.ai (flux),44081,"Rhino, massive man in grey rhinoceros armored suit with a horn, Marvel Comics, single character centered portrait, cinematic lighting, dramatic rim light, comic book art style, highly detailed, sharp focus, dark background, professional character concept art"
rocket_raccoon,pollinations.ai (flux),46048,"Rocket Raccoon, armed raccoon in orange jumpsuit holding a huge blaster, Marvel Comics, single character centered portrait, cinematic lighting, dramatic rim light, comic book art style, highly detailed, sharp focus, dark background, professional character concept art"
rogue,pollinations.ai (flux),27014,"Rogue, brunette with a white streak, green and yellow suit, bomber jacket, Marvel Comics, single character centered portrait, cinematic lighting, dramatic rim light, comic book art style, highly detailed, sharp focus, dark background, professional character concept art"
ronan_laccusatore,pollinations.ai (flux),95949,"Ronan l'Accusatore, dark kree warrior armor, universal weapon staff, imposing figure, Marvel Comics, single character centered portrait, cinematic lighting, dramatic rim light, comic book art style, highly detailed, sharp focus, dark background, professional character concept art"
ronin,pollinations.ai (flux),65852,"Ronin, iconic superhero costume, recognizable design, Marvel Comics, single character centered portrait, cinematic lighting, dramatic rim light, comic book art style, highly detailed, sharp focus, dark background, professional character concept art"
rune_king_thor,pollinations.ai (flux),48659,"Rune King Thor, ancient runes glowing on armor, cosmic power, mystical look, Marvel Comics, single character centered portrait, cinematic lighting, dramatic rim light, comic book art style, highly detailed, sharp focus, dark background, professional character concept art"
sakaariano,pollinations.ai (flux),65016,"Sakaariano, iconic superhero costume, recognizable design, Marvel Comics, single character centered portrait, cinematic lighting, dramatic rim light, comic book art style, highly detailed, sharp focus, dark background, professional character concept art"
sandman,pollinations.ai (flux),81669,"Sandman, figure made of swirling sand, striped shirt, giant sand fist, Marvel Comics, single character centered portrait, cinematic lighting, dramatic rim light, comic book art style, highly detailed, sharp focus, dark background, professional character concept art"
scagnozzo,pollinations.ai (flux),59423,"Scagnozzo, street thug with a baseball bat, hoodie, alley, Marvel Comics, single character centered portrait, cinematic lighting, dramatic rim light, comic book art style, highly detailed, sharp focus, dark background, professional character concept art"
scagnozzo_armato,pollinations.ai (flux),22084,"Scagnozzo Armato, gangster with a pistol, leather jacket, night street, Marvel Comics, single character centered portrait, cinematic lighting, dramatic rim light, comic book art style, highly detailed, sharp focus, dark background, professional character concept art"
scarlet_witch,pollinations.ai (flux),77356,"Scarlet Witch, red chaos magic aura, crimson outfit, elegant mystic look, Marvel Comics, single character centered portrait, cinematic lighting, dramatic rim light, comic book art style, highly detailed, sharp focus, dark background, professional character concept art"
scarlet_witch_darkhold,pollinations.ai (flux),92453,"Scarlet Witch (Darkhold), red chaos magic aura, crimson outfit, elegant mystic look, Marvel Comics, single character centered portrait, cinematic lighting, dramatic rim light, comic book art style, highly detailed, sharp focus, dark background, professional character concept art"
sentinella,pollinations.ai (flux),37657,"Sentinella, giant purple and blue robot with large hands, mutant hunter, Marvel Comics, single character centered portrait, cinematic lighting, dramatic rim light, comic book art style, highly detailed, sharp focus, dark background, professional character concept art"
sentry,pollinations.ai (flux),83169,"Sentry, gold and white radiant hero with golden lightning, cape, Marvel Comics, single character centered portrait, cinematic lighting, dramatic rim light, comic book art style, highly detailed, sharp focus, dark background, professional character concept art"
shang_chi,pollinations.ai (flux),27720,"Shang-Chi, martial artist in red and gold outfit, ten glowing rings on his arms, Marvel Comics, single character centered portrait, cinematic lighting, dramatic rim light, comic book art style, highly detailed, sharp focus, dark background, professional character concept art"
she_hulk,pollinations.ai (flux),95047,"She-Hulk, tall muscular green-skinned woman in a white and purple suit, confident, Marvel Comics, single character centered portrait, cinematic lighting, dramatic rim light, comic book art style, highly detailed, sharp focus, dark background, professional character concept art"
shuri,pollinations.ai (flux),11901,"Shuri, young Wakandan princess, vibranium gauntlets, purple tech suit, Marvel Comics, single character centered portrait, cinematic lighting, dramatic rim light, comic book art style, highly detailed, sharp focus, dark background, professional character concept art"
silver_surfer,pollinations.ai (flux),44078,"Silver Surfer, iconic superhero costume, recognizable design, Marvel Comics, single character centered portrait, cinematic lighting, dramatic rim light, comic book art style, highly detailed, sharp focus, dark background, professional character concept art"
silver_surfer_boss,pollinations.ai (flux),10662,"Silver Surfer (Boss), iconic superhero costume, recognizable design, Marvel Comics, single character centered portrait, cinematic lighting, dramatic rim light, comic book art style, highly detailed, sharp focus, dark background, professional character concept art"
simbionte,pollinations.ai (flux),32156,"Simbionte, black liquid alien symbiote creature with white eyes and teeth, Marvel Comics, single character centered portrait, cinematic lighting, dramatic rim light, comic book art style, highly detailed, sharp focus, dark background, professional character concept art"
soldato_hydra,pollinations.ai (flux),26747,"Soldato Hydra, dark tactical military uniform with green hydra emblem, Marvel Comics, single character centered portrait, cinematic lighting, dramatic rim light, comic book art style, highly detailed, sharp focus, dark background, professional character concept art"
sorcerer_supreme,pollinations.ai (flux),73525,"Sorcerer Supreme, iconic superhero costume, recognizable design, Marvel Comics, single character centered portrait, cinematic lighting, dramatic rim light, comic book art style, highly detailed, sharp focus, dark background, professional character concept art"
speed,pollinations.ai (flux),13878,"Speed, teenage speedster in a green and yellow suit with a speed trail, Marvel Comics, single character centered portrait, cinematic lighting, dramatic rim light, comic book art style, highly detailed, sharp focus, dark background, professional character concept art"
spider_man,replicate (flux-schnell),,
stan_lee,replicate (flux-schnell),,
star_lord,pollinations.ai (flux),23174,"Star-Lord, red long coat, space helmet, dual element guns, Marvel Comics, single character centered portrait, cinematic lighting, dramatic rim light, comic book art style, highly detailed, sharp focus, dark background, professional character concept art"
star_lord_boss,pollinations.ai (flux),92622,"Star-Lord (Boss), red long coat, space helmet, dual element guns, Marvel Comics, single character centered portrait, cinematic lighting, dramatic rim light, comic book art style, highly detailed, sharp focus, dark background, professional character concept art"
stephen_strange,pollinations.ai (flux),52917,"Stephen Strange, blue mystic robes and red cloak of levitation, glowing magic sigils, Marvel Comics, single character centered portrait, cinematic lighting, dramatic rim light, comic book art style, highly detailed, sharp focus, dark background, professional character concept art"
steve_rogers,pollinations.ai (flux),92005,"Steve Rogers, WWII era soldier uniform, earnest expression, shield at back, Marvel Comics, single character centered portrait, cinematic lighting, dramatic rim light, comic book art style, highly detailed, sharp focus, dark background, professional character concept art"
storm,pollinations.ai (flux),37413,"Storm, white flowing hair, black costume with cape, lightning in the sky, Marvel Comics, single character centered portrait, cinematic lighting, dramatic rim light, comic book art style, highly detailed, sharp focus, dark background, professional character concept art"
taskmaster,pollinations.ai (flux),99210,"Taskmaster, white skull mask and hood, blue cape, round shield and sword, Marvel Comics, single character centered portrait, cinematic lighting, dramatic rim light, comic book art style, highly detailed, sharp focus, dark background, professional character concept art"
tchalla,pollinations.ai (flux),78777,"T'Challa, iconic superhero costume, recognizable design, Marvel Comics, single character centered portrait, cinematic lighting, dramatic rim light, comic book art style, highly detailed, sharp focus, dark background, professional character concept art"
teschio_rosso,pollinations.ai (flux),4164,"Teschio Rosso, iconic superhero costume, recognizable design, Marvel Comics, single character centered portrait, cinematic lighting, dramatic rim light, comic book art style, highly detailed, sharp focus, dark background, professional character concept art"
thanos,pollinations.ai (flux),7898,"Thanos, purple titan with gold infinity armor, imposing portrait, Marvel Comics, single character centered portrait, cinematic lighting, dramatic rim light, comic book art style, highly detailed, sharp focus, dark background, professional character concept art"
thanos_guanto_dellinfinito,pollinations.ai (flux),66721,"Thanos (Guanto dell'Infinito), purple titan with gold infinity armor, imposing portrait, Marvel Comics, single character centered portrait, cinematic lighting, dramatic rim light, comic book art style, highly detailed, sharp focus, dark background, professional character concept art"
thing,pollinations.ai (flux),18787,"Thing, orange rocky-skinned giant in blue trunks, fantastic four, Marvel Comics, single character centered portrait, cinematic lighting, dramatic rim light, comic book art style, highly detailed, sharp focus, dark background, professional character concept art"
thor,pollinations.ai (flux),55543,"Thor, full asgardian armor, red cape, short hair, Mjolnir, lightning aura, Marvel Comics, single character centered portrait, cinematic lighting, dramatic rim light, comic book art style, highly detailed, sharp focus, dark background, professional character concept art"
thor_boss,pollinations.ai (flux),57251,"Thor (Boss), iconic superhero costume, recognizable design, Marvel Comics, single character centered portrait, cinematic lighting, dramatic rim light, comic book art style, highly detailed, sharp focus, dark background, professional character concept art"
thor_odinson,pollinations.ai (flux),95471,"Thor Odinson, casual asgardian prince look, blonde hair, Mjolnir at side, Marvel Comics, single character centered portrait, cinematic lighting, dramatic rim light, comic book art style, highly detailed, sharp focus, dark background, professional character concept art"
tony_stark,replicate (flux-schnell),,
ultron,pollinations.ai (flux),61663,"Ultron, silver chrome robotic body, glowing red eyes, menacing mechanical design, Marvel Comics, single character centered portrait, cinematic lighting, dramatic rim light, comic book art style, highly detailed, sharp focus, dark background, professional character concept art"
ultron_bot,pollinations.ai (flux),3366,"Ultron Bot, silver chrome robotic body, glowing red eyes, menacing mechanical design, Marvel Comics, single character centered portrait, cinematic lighting, dramatic rim light, comic book art style, highly detailed, sharp focus, dark background, professional character concept art"
valkyria_corrotta,pollinations.ai (flux),5076,"Valkyria Corrotta, iconic superhero costume, recognizable design, Marvel Comics, single character centered portrait, cinematic lighting, dramatic rim light, comic book art style, highly detailed, sharp focus, dark background, professional character concept art"
venom,pollinations.ai (flux),6468,"Venom, black symbiote body with white spider emblem, sharp teeth, tongue, Marvel Comics, single character centered portrait, cinematic lighting, dramatic rim light, comic book art style, highly detailed, sharp focus, dark background, professional character concept art"
vision,pollinations.ai (flux),69609,"Vision, synthezoid red face, yellow forehead gem, green and yellow suit with cape, Marvel Comics, single character centered portrait, cinematic lighting, dramatic rim light, comic book art style, highly detailed, sharp focus, dark background, professional character concept art"
vulture,pollinations.ai (flux),4802,"Vulture, elderly villain in a green mechanical bird wing flight harness, bald head, Marvel Comics, single character centered portrait, cinematic lighting, dramatic rim light, comic book art style, highly detailed, sharp focus, dark background, professional character concept art"
wade_wilson,pollinations.ai (flux),36475,"Wade Wilson, iconic superhero costume, recognizable design, Marvel Comics, single character centered portrait, cinematic lighting, dramatic rim light, comic book art style, highly detailed, sharp focus, dark background, professional character concept art"
wanda_maximoff,pollinations.ai (flux),68152,"Wanda Maximoff, iconic superhero costume, recognizable design, Marvel Comics, single character centered portrait, cinematic lighting, dramatic rim light, comic book art style, highly detailed, sharp focus, dark background, professional character concept art"
war_machine,pollinations.ai (flux),86801,"War Machine, grey and black heavy armor with shoulder cannons, Marvel Comics, single character centered portrait, cinematic lighting, dramatic rim light, comic book art style, highly detailed, sharp focus, dark background, professional character concept art"
wasp,pollinations.ai (flux),49319,"Wasp, slim heroine in black and yellow suit with insect wings and antennae helmet, Marvel Comics, single character centered portrait, cinematic lighting, dramatic rim light, comic book art style, highly detailed, sharp focus, dark background, professional character concept art"
wiccan,pollinations.ai (flux),79691,"Wiccan, young mage with black hair, red and gold magical robes, glowing hex, Marvel Comics, single character centered portrait, cinematic lighting, dramatic rim light, comic book art style, highly detailed, sharp focus, dark background, professional character concept art"
winter_soldier,pollinations.ai (flux),74786,"Winter Soldier, metal left arm, dark tactical gear, long hair, face mask, Marvel Comics, single character centered portrait, cinematic lighting, dramatic rim light, comic book art style, highly detailed, sharp focus, dark background, professional character concept art"
wolverine,pollinations.ai (flux),97779,"Wolverine, yellow and blue suit, black pointed mask fins, adamantium claws extended, Marvel Comics, single character centered portrait, cinematic lighting, dramatic rim light, comic book art style, highly detailed, sharp focus, dark background, professional character concept art"
world_breaker_hulk,pollinations.ai (flux),99732,"World Breaker Hulk, dark green skin, massive build, earthquake energy, gamma aura, Marvel Comics, single character centered portrait, cinematic lighting, dramatic rim light, comic book art style, highly detailed, sharp focus, dark background, professional character concept art"
x_23,pollinations.ai (flux),36773,"X-23, young mutant in black leather X-Force suit, adamantium claws extended, Marvel Comics, single character centered portrait, cinematic lighting, dramatic rim light, comic book art style, highly detailed, sharp focus, dark background, professional character concept art"
yelena_belova,pollinations.ai (flux),59812,"Yelena Belova, female assassin in black and white tactical vest with fur-trimmed collar, Marvel Comics, single character centered portrait, cinematic lighting, dramatic rim light, comic book art style, highly detailed, sharp focus, dark background, professional character concept art"
