key,name,description,stat_key,category,tiers
street_hero,🏙️ Eroe di Quartiere,Completa Strade di New York.,dungeon_def_13_completed,marvel,"{""bronze"": {""threshold"": 1, ""rewards"": {""exp"": 100, ""title"": ""Amico del Vicinato""}}, ""silver"": {""threshold"": 5, ""rewards"": {""exp"": 300, ""title"": ""Eroe di Quartiere""}}, ""gold"": {""threshold"": 15, ""rewards"": {""exp"": 700, ""title"": ""Protettore di New York""}}}"
vulture_clipped,🦅 Ali Tarpate,Sconfiggi l'Avvoltoio.,kill_vulture,marvel,"{""bronze"": {""threshold"": 1, ""rewards"": {""exp"": 100, ""title"": ""Tarpa Ali""}}, ""silver"": {""threshold"": 10, ""rewards"": {""exp"": 300, ""title"": ""Cacciatore di Avvoltoi""}}, ""gold"": {""threshold"": 50, ""rewards"": {""exp"": 700, ""title"": ""Signore dei Cieli""}}}"
hells_kitchen,🥷 Ombra di Hell's Kitchen,Completa Hell's Kitchen.,dungeon_def_14_completed,marvel,"{""bronze"": {""threshold"": 1, ""rewards"": {""exp"": 200, ""title"": ""Guardiano della Notte""}}, ""silver"": {""threshold"": 5, ""rewards"": {""exp"": 600, ""title"": ""Nemico della Mano""}}, ""gold"": {""threshold"": 15, ""rewards"": {""exp"": 1200, ""title"": ""Diavolo Custode""}}}"
rhino_charge,🦏 Fermare il Rinoceronte,Sconfiggi Rhino.,kill_rhino,marvel,"{""bronze"": {""threshold"": 1, ""rewards"": {""exp"": 200, ""title"": ""Ferma-Carica""}}, ""silver"": {""threshold"": 10, ""rewards"": {""exp"": 600, ""title"": ""Domatore di Rinoceronti""}}, ""gold"": {""threshold"": 50, ""rewards"": {""exp"": 1200, ""title"": ""Corna Spezzate""}}}"
hydra_infiltrator,🐙 Infiltrato Hydra,Completa il dungeon Base Hydra.,dungeon_def_15_completed,marvel,"{""bronze"": {""threshold"": 1, ""rewards"": {""exp"": 300, ""title"": ""Agente sotto copertura""}}, ""silver"": {""threshold"": 5, ""rewards"": {""exp"": 800, ""title"": ""Infiltrato""}}, ""gold"": {""threshold"": 15, ""rewards"": {""exp"": 1500, ""title"": ""Nemico dell'Hydra""}}}"
hydra_soldier_hunter,🪖 Taglia Soldati,Sconfiggi i Soldati Hydra.,kill_soldato_hydra,marvel,"{""bronze"": {""threshold"": 25, ""rewards"": {""exp"": 300, ""title"": ""Recluta Ribelle""}}, ""silver"": {""threshold"": 100, ""rewards"": {""exp"": 800, ""title"": ""Spezza Ranghi""}}, ""gold"": {""threshold"": 400, ""rewards"": {""exp"": 1500, ""title"": ""Flagello dell'Hydra""}}}"
red_skull_slayer,💀 Teschio Rosso,Sconfiggi il Teschio Rosso.,kill_teschio_rosso,marvel,"{""bronze"": {""threshold"": 1, ""rewards"": {""exp"": 300, ""title"": ""Sfidante del Teschio""}}, ""silver"": {""threshold"": 10, ""rewards"": {""exp"": 800, ""title"": ""Nemesi del Teschio""}}, ""gold"": {""threshold"": 50, ""rewards"": {""exp"": 1500, ""title"": ""Fine del Teschio Rosso""}}}"
oscorp_survivor,🎃 Sopravvissuto a Oscorp,Completa Torre Oscorp.,dungeon_def_16_completed,marvel,"{""bronze"": {""threshold"": 1, ""rewards"": {""exp"": 400, ""title"": ""Visitatore di Oscorp""}}, ""silver"": {""threshold"": 5, ""rewards"": {""exp"": 1000, ""title"": ""Esperto di Laboratori""}}, ""gold"": {""threshold"": 15, ""rewards"": {""exp"": 1800, ""title"": ""Incubo di Norman""}}}"
goblin_pumpkins,🎃 Zucche Esplosive,Sconfiggi Green Goblin.,kill_green_goblin,marvel,"{""bronze"": {""threshold"": 1, ""rewards"": {""exp"": 400, ""title"": ""Schiva-Zucche""}}, ""silver"": {""threshold"": 10, ""rewards"": {""exp"": 1000, ""title"": ""Disinnesca Bombe""}}, ""gold"": {""threshold"": 50, ""rewards"": {""exp"": 1800, ""title"": ""Re del Carnevale""}}}"
great_hunt,🏹 La Preda Diventa Cacciatore,Completa La Grande Caccia.,dungeon_def_17_completed,marvel,"{""bronze"": {""threshold"": 1, ""rewards"": {""exp"": 500, ""title"": ""Preda Sfuggente""}}, ""silver"": {""threshold"": 5, ""rewards"": {""exp"": 1200, ""title"": ""Cacciatore di Cacciatori""}}, ""gold"": {""threshold"": 15, ""rewards"": {""exp"": 2200, ""title"": ""Re della Giungla""}}}"
kraven_trophy,🦁 Il Trofeo di Kraven,Sconfiggi Kraven.,kill_kraven,marvel,"{""bronze"": {""threshold"": 1, ""rewards"": {""exp"": 500, ""title"": ""Preda Inattesa""}}, ""silver"": {""threshold"": 10, ""rewards"": {""exp"": 1200, ""title"": ""Trofeo Vivente""}}, ""gold"": {""threshold"": 50, ""rewards"": {""exp"": 2200, ""title"": ""Fine della Caccia""}}}"
galaxy_guardian,🚀 Guardiano della Galassia,Completa il dungeon Guardiani della Galassia.,dungeon_def_18_completed,marvel,"{""bronze"": {""threshold"": 1, ""rewards"": {""exp"": 300, ""title"": ""Reietto Stellare""}}, ""silver"": {""threshold"": 5, ""rewards"": {""exp"": 800, ""title"": ""Guardiano""}}, ""gold"": {""threshold"": 15, ""rewards"": {""exp"": 1500, ""title"": ""Leggenda della Galassia""}}}"
symbiote_outbreak,🕷️ Focolaio Simbionte,Completa Invasione Simbionte.,dungeon_def_19_completed,marvel,"{""bronze"": {""threshold"": 1, ""rewards"": {""exp"": 600, ""title"": ""Immune al Simbionte""}}, ""silver"": {""threshold"": 5, ""rewards"": {""exp"": 1500, ""title"": ""Contenitore di Focolai""}}, ""gold"": {""threshold"": 15, ""rewards"": {""exp"": 2600, ""title"": ""Cura Vivente""}}}"
carnage_chaos,🩸 Nessuna Strage,Sconfiggi Carnage.,kill_carnage,marvel,"{""bronze"": {""threshold"": 1, ""rewards"": {""exp"": 600, ""title"": ""Argine al Caos""}}, ""silver"": {""threshold"": 10, ""rewards"": {""exp"": 1500, ""title"": ""Fermacarneficina""}}, ""gold"": {""threshold"": 50, ""rewards"": {""exp"": 2600, ""title"": ""Fine del Caos""}}}"
asgard_guest,⚡ Ospite di Asgard,Completa il dungeon Famiglia Divina (Asgard).,dungeon_def_20_completed,marvel,"{""bronze"": {""threshold"": 1, ""rewards"": {""exp"": 300, ""title"": ""Ospite di Asgard""}}, ""silver"": {""threshold"": 5, ""rewards"": {""exp"": 800, ""title"": ""Campione di Asgard""}}, ""gold"": {""threshold"": 15, ""rewards"": {""exp"": 1500, ""title"": ""Figlio di Odino""}}}"
loki_trickster,🎭 Dio dell'Inganno,Sconfiggi Loki.,kill_loki,marvel,"{""bronze"": {""threshold"": 1, ""rewards"": {""exp"": 300, ""title"": ""Smaschera Inganni""}}, ""silver"": {""threshold"": 10, ""rewards"": {""exp"": 800, ""title"": ""Burlato e Burlatore""}}, ""gold"": {""threshold"": 50, ""rewards"": {""exp"": 1500, ""title"": ""Gloriosa Vittoria""}}}"
chitauri_invasion,👽 Invasione Chitauri,Respingi i Chitauri.,kill_chitauri,marvel,"{""bronze"": {""threshold"": 50, ""rewards"": {""exp"": 300, ""title"": ""Difensore di New York""}}, ""silver"": {""threshold"": 250, ""rewards"": {""exp"": 800, ""title"": ""Muro Contro l'Invasione""}}, ""gold"": {""threshold"": 1000, ""rewards"": {""exp"": 1500, ""title"": ""Salvatore della Terra""}}}"
ultron_no_strings,🤖 Nessuna Stringa,Sconfiggi Ultron.,kill_ultron,marvel,"{""bronze"": {""threshold"": 1, ""rewards"": {""exp"": 300, ""title"": ""Spegni Robot""}}, ""silver"": {""threshold"": 10, ""rewards"": {""exp"": 800, ""title"": ""Antivirus Vivente""}}, ""gold"": {""threshold"": 50, ""rewards"": {""exp"": 1500, ""title"": ""Era dell'Uomo""}}}"
mutant_world,🧲 Mondo Mutante,Completa Mondo Mutante.,dungeon_def_21_completed,marvel,"{""bronze"": {""threshold"": 1, ""rewards"": {""exp"": 700, ""title"": ""Alleato dei Mutanti""}}, ""silver"": {""threshold"": 5, ""rewards"": {""exp"": 1800, ""title"": ""Scudo dei Mutanti""}}, ""gold"": {""threshold"": 15, ""rewards"": {""exp"": 3000, ""title"": ""Custode dell'X-Gene""}}}"
magneto_pole,🧲 Polo Opposto,Sconfiggi Magneto.,kill_magneto,marvel,"{""bronze"": {""threshold"": 1, ""rewards"": {""exp"": 700, ""title"": ""Resistente al Magnetismo""}}, ""silver"": {""threshold"": 10, ""rewards"": {""exp"": 1800, ""title"": ""Polo Opposto""}}, ""gold"": {""threshold"": 50, ""rewards"": {""exp"": 3000, ""title"": ""Spezza-Acciaio""}}}"
conqueror_end,⏳ Il Finale Riscritto,Completa Il Conquistatore.,dungeon_def_22_completed,marvel,"{""bronze"": {""threshold"": 1, ""rewards"": {""exp"": 800, ""title"": ""Viaggiatore Ribelle""}}, ""silver"": {""threshold"": 5, ""rewards"": {""exp"": 2000, ""title"": ""Riscrivi-Tempo""}}, ""gold"": {""threshold"": 15, ""rewards"": {""exp"": 3400, ""title"": ""Padrone del Destino""}}}"
kang_defeated,🕰️ Kang Sconfitto,Sconfiggi Kang.,kill_kang,marvel,"{""bronze"": {""threshold"": 1, ""rewards"": {""exp"": 800, ""title"": ""Rovina il Piano""}}, ""silver"": {""threshold"": 10, ""rewards"": {""exp"": 2000, ""title"": ""Spezza-Cronologie""}}, ""gold"": {""threshold"": 50, ""rewards"": {""exp"": 3400, ""title"": ""Fine del Conquistatore""}}}"
infinity_war,💎 Guerra dell'Infinito,Completa il dungeon Infinity War.,dungeon_def_23_completed,marvel,"{""bronze"": {""threshold"": 1, ""rewards"": {""exp"": 800, ""title"": ""Sopravvissuto""}}, ""silver"": {""threshold"": 5, ""rewards"": {""exp"": 2000, ""title"": ""Resistente all'Infinito""}}, ""gold"": {""threshold"": 15, ""rewards"": {""exp"": 3400, ""title"": ""Ultima Linea""}}}"
thanos_inevitable,🧤 Ineluttabile,Sconfiggi Thanos.,kill_thanos,marvel,"{""bronze"": {""threshold"": 1, ""rewards"": {""exp"": 800, ""title"": ""Sfida l'Ineluttabile""}}, ""silver"": {""threshold"": 10, ""rewards"": {""exp"": 2000, ""title"": ""Ineluttabile Anche Tu""}}, ""gold"": {""threshold"": 50, ""rewards"": {""exp"": 3400, ""title"": ""Titano Caduto""}}}"
avengers_assemble,"🛡️ Avengers, Assemble!",Completa il dungeon Endgame.,dungeon_def_24_completed,marvel,"{""bronze"": {""threshold"": 1, ""rewards"": {""exp"": 1000, ""title"": ""Vendicatore""}}, ""silver"": {""threshold"": 5, ""rewards"": {""exp"": 2500, ""title"": ""Vendicatore Supremo""}}, ""gold"": {""threshold"": 15, ""rewards"": {""exp"": 4000, ""title"": ""Il Più Potente Eroe""}}}"
galactus_devourer,🌌 Divoratore di Mondi,Completa il dungeon L'Arrivo di Galactus.,dungeon_def_25_completed,marvel,"{""bronze"": {""threshold"": 1, ""rewards"": {""exp"": 1500, ""title"": ""Sfamatore Cosmico""}}, ""silver"": {""threshold"": 3, ""rewards"": {""exp"": 3500, ""title"": ""Placa-Fame""}}, ""gold"": {""threshold"": 10, ""rewards"": {""exp"": 6000, ""title"": ""Salvatore dei Mondi""}}}"
